{
  "backEnd": "boat",
  "description": "Runtimepack for MCinaBox",
  "manifest": [
  {
    "condition": "launcher_version",
    "condition_info": "<21",
    "description": "Runtimepack for MCinaBox",
    "jre_home": "j2re-image",
    "name": "For AArch64",
    "java_library_path": "j2re-image/lib/aarch64/jli|j2re-image/lib/aarch64|lwjgl-2",
    "classpath": "/lwjgl-2/lwjgl_util.jar|/lwjgl-2/lwjgl.jar",
    "jvmMode": "server",
    "so": "j2re-image/lib/aarch64/server/libjvm.so|j2re-image/lib/aarch64/libfreetype.so.6|j2re-image/lib/aarch64/libverify.so|j2re-image/lib/aarch64/libjava.so|j2re-image/lib/aarch64/jli/libjli.so|j2re-image/lib/aarch64/libnet.so|j2re-image/lib/aarch64/libnio.so|j2re-image/lib/aarch64/libawt.so|j2re-image/lib/aarch64/libawt_headless.so|libopenal.so.1|libGL.so.1|lwjgl-2/liblwjgl.so"
  },
  {
    "condition": "launcher_version",
    "condition_info": ">20",
    "description": "Runtimepack for MCinaBox",
    "jre_home": "j2re-image",
    "name": "For AArch64",
    "java_library_path": "j2re-image/lib/aarch64/jli|j2re-image/lib/aarch64|lwjgl-3",
    "classpath": "lwjgl-3/lwjgl.jar|lwjgl-3/lwjgl-glfw.jar|lwjgl-3/lwjgl-jemalloc.jar|lwjgl-3/lwjgl-openal.jar|lwjgl-3/lwjgl-opengl.jar|lwjgl-3/lwjgl-stb.jar|lwjgl-3/lwjgl-tinyfb.jar",
    "jvmMode": "server",
    "so": "j2re-image/lib/aarch64/libfreetype.so.6|j2re-image/lib/aarch64/jli/libjli.so|j2re-image/lib/aarch64/server/libjvm.so|j2re-image/lib/aarch64/libverify.so|j2re-image/lib/aarch64/libjava.so|j2re-image/lib/aarch64/libnet.so|j2re-image/lib/aarch64/libnio.so|j2re-image/lib/aarch64/libawt.so|j2re-image/lib/aarch64/libawt_headless.so|libopenal.so.1|libGL.so.1|lwjgl-3/liblwjgl_stb.so|lwjgl-3/liblwjgl_tinyfd.so|lwjgl-3/liblwjgl_opengl.so|lwjgl-3/liblwjgl.so|libglfw.so"
  }],
  "platform": "aarch64",
  "releaseTime": "2020-09-27",
  "versionCode": "1",
  "versionName": "1.0"
}